x1,x2,x3,x4,x5,clase
-3.0502907264200694,-2.2838877210064292,-1.9460369563634419,-7.9431664478735655,7.317425174419729,clase_2
-2.9220054822819774,-3.1119565439067225,-0.8951796853056959,-8.450835746263403,6.994981056566608,clase_2
-3.6069293536034435,-3.5716450190951865,-1.3506947425868783,-8.793975716555973,7.991305025312548,clase_2
8.66099440022235,5.013618265464702,-4.034676332278445,6.625170713754673,-3.874373036923927,clase_1
-3.7043336174293904,-3.2607645216003567,-1.78035083832529,-8.608026094174885,6.3313994270840634,clase_2
9.437817185632973,5.45853800892741,-4.409930572850945,5.376527431166919,-3.8729417424311032,clase_2
-2.350585991963731,-3.3506731501503717,-2.9313528884402222,-9.287376557973214,7.20796943942611,clase_2
-3.7473359605036114,-3.829181758775222,0.10063331404459008,-9.40955783490215,7.097506893919743,clase_2
9.892474958030787,2.8913031928301978,-4.671199072990547,7.190488707128094,-2.6641461844859813,clase_1
-4.209178336826949,-3.1528329164317817,-0.49562108839000274,-8.394132382064063,7.907543196555638,clase_2
-3.087330613450831,-2.190953970728843,-0.4057378148352887,-7.884328682871536,6.812177059341741,clase_2
9.970646596971612,2.676676798339251,-4.59195219340721,3.976667585322489,-2.3614193512125885,clase_2
8.461531132492302,6.302809583843069,-5.392222260136579,4.278767605451963,-2.518164363959354,clase_2
9.247028136258217,3.158348011411375,-4.676972871804768,4.651311369396119,-4.771667549732275,clase_2
10.157553004160713,3.81452316405671,-5.35510141068534,6.314186538963943,-4.450430507998737,clase_2
-4.098577274386969,-1.961256010171177,-0.6489701858468364,-7.090342409870775,6.088053578510228,clase_2
9.505173862123167,4.656844331660305,-3.033767426790896,3.1602249896934955,-4.892258670319987,clase_1
-3.0178204524097882,-4.690030315869457,-1.0216382028548816,-9.288539134060132,7.336123001665524,clase_2
-2.79665885042859,-3.882518543114533,-2.355046783751562,-6.958914285174698,8.282930854806684,clase_2
-1.897867795209434,-1.5353688425627727,-0.49396913607007475,-6.8945465786839115,7.250150921451793,clase_2
8.601224562591025,5.795866528373263,-1.154181000662799,5.39514460974019,-3.3538814445016643,clase_2
10.135683410340548,3.3929765203182662,-3.47198255782643,6.123631581328105,-2.1709141272522965,clase_2
-1.4563731287595827,-3.6660328810424425,-3.4218443588465024,-7.948954762993994,6.384763093264163,clase_2
8.900343020755814,3.797632944689791,-3.296917597444798,5.799050477307785,-6.021664254532926,clase_2
10.431757596333988,4.497345468982403,-2.9148287272387337,5.057160231311818,-4.162447012155538,clase_2
8.94895734833561,3.581431546924321,-6.903616617145216,7.132301368230816,-3.216035536646829,clase_1
9.359253988528563,4.406903074382871,-3.9689038206881633,5.024077546931695,-3.0385467988966406,clase_2
8.00776595878983,2.9378576408495767,-3.826487611687148,5.734677111141012,-1.337593531543023,clase_1
-2.538151192240627,-2.8019314366124055,-1.5528757165725877,-9.330992597351553,5.633713324678121,clase_2
8.416008551716597,2.75853397485613,-6.636553116511505,5.663596754293229,-4.0833684195801,clase_2
-3.230163251501613,-4.74932739469738,-0.8521966109810701,-5.643567137940053,7.6488461283498514,clase_2
-3.900340323583144,-4.8069298082612395,-2.296667968179908,-9.940109789670274,6.641884683299875,clase_2
-2.743250850591806,-3.67571858737695,-0.15422093410465232,-10.106322864237267,8.32435855571661,clase_2
7.495645175467823,5.041854095755097,-4.149215184156346,5.1144457287243545,-2.597793276721727,clase_1
-2.854678199863831,-2.551321930511069,-2.614300754913924,-8.925239471464657,7.856057334363177,clase_2
-2.3794202070551,-2.4504519540793295,-1.730291624432698,-10.142793173077123,7.761962357878947,clase_2
9.38757501042507,4.590315484509188,-3.9810914018803403,5.321465964597134,-4.813921007165801,clase_1
10.751712063757095,4.7372605179997445,-3.2884053776727815,5.905320878457724,-3.6423810762770925,clase_1
9.599192786935058,3.6329294574396105,-6.25228828525352,4.754961912712291,-3.5389730037523295,clase_2
-4.061607704571587,-2.2869931110841706,-1.6315406047820573,-7.77081890408465,9.671493866159098,clase_2
7.415550487581374,3.989753823405458,-4.134482573304689,6.34296812532309,-4.129633261230858,clase_1
-2.3554904135783206,-3.02138849289798,-0.6172388988850555,-8.15857058873535,6.402585911960242,clase_2
8.63816593056042,3.3221019715762226,-3.4286583999072064,6.019632710518597,-4.506277209014408,clase_2
-3.584690965984845,-2.181451906410275,-3.237804521850437,-8.48240165268798,7.103852284997424,clase_2
-3.0673253219545478,-2.7051581612843156,-2.0439399124945536,-8.692328671496396,7.749241486820378,clase_2
10.78406156933872,5.324453249484567,-4.422994035504059,7.149378125217305,-4.277799014599012,clase_1
9.106954954012018,4.356079085336888,-4.777105898248958,6.059846303239635,-3.5482614746342462,clase_2
9.302438216277627,5.652587842277916,-4.693236872133857,5.433447861223768,-4.725623185477914,clase_2
-2.6128718854640245,-2.425020999398124,-2.6871126263298124,-7.55273370740384,6.5565644346635485,clase_2
8.574467660891125,5.957570931036028,-2.8448805850813312,5.2313467651529715,-4.515065774153047,clase_2
9.168445027313174,5.078175945533756,-4.8656501583660425,5.82173383807199,-3.117198226328635,clase_2
9.03687523557979,4.227365711233891,-2.931236386094107,7.287408702676903,-3.726317240457515,clase_1
8.808248059047347,4.217798949971305,-5.20194670399741,3.7643185305454203,-3.8210830242760614,clase_2
9.06498995299108,4.493920453115709,-2.9568645390774844,5.309867777907089,-3.8127803143196846,clase_1
-1.9203011562641594,-0.9525918807030105,-2.1360375345104954,-8.82823598226175,8.745109199254735,clase_2
8.336028567150098,4.842194235193696,-4.611694116676546,7.178421186544446,-4.097509900704368,clase_1
-2.505584013801484,-3.129242670202118,-1.8078585316408318,-9.679510714261662,8.14420688612475,clase_2
-2.4482901887844535,-4.6206653744729955,-1.3549055514052963,-8.633296917926446,7.181551849392742,clase_2
-3.5877476468619456,-2.697861452906376,-1.6784162555459945,-8.569354443871996,7.822358855596425,clase_2
-2.4077769746805338,-3.6533766572746926,0.2912780912627311,-10.079865200814027,8.889040503013732,clase_2
-3.987604926002877,-2.633600500409722,-1.782262957308332,-8.11910112899088,9.372535746085402,clase_2
7.267621115425595,3.1281434678334508,-6.037848639578793,4.477943146330735,-5.557168018933212,clase_1
-3.0796254521438864,-4.658291410926889,-1.0019647893774233,-6.666310819458668,7.587454246703412,clase_2
-2.9950882169553994,-0.5618595470753394,-1.6071173886069698,-8.044510201501696,7.156720509100081,clase_2
-1.9449343591598243,-4.56536692908403,0.2866506864186269,-6.37213690912122,6.123117307398525,clase_2
-2.8466347846116538,-1.823727175890526,-0.4778720181181023,-8.943663619828783,9.570511604708598,clase_2
8.148052177004184,2.77634884645729,-5.1944684511952355,4.623956895535486,-3.5452599359690047,clase_1
10.661053054853065,4.108877081806505,-5.159250926557899,6.031064756049286,-5.0546810485766915,clase_1
-2.907135175476601,-3.1321938397776536,-0.7536826954878564,-8.005975824018693,9.299967569066672,clase_2
-2.17709081599816,-3.5663717868280798,-2.3495204147515745,-9.673431906640381,9.760808515380393,clase_2
9.495665664920233,4.082161363429923,-4.258861244549394,6.579740938430449,-5.730187178774579,clase_2
8.66313467595157,3.3081542026568345,-3.711935306532169,6.2994397497440815,-3.2665532347055164,clase_2
-3.417317832116544,-1.9322982812023604,-2.3548858691287005,-9.740464130977355,6.293425209916637,clase_2
10.134930881152489,4.765266756184912,-2.751585006820357,6.726837113542416,-4.113987117878163,clase_2
7.937329092257346,3.49382775044372,-3.070705951016831,5.2521716908027845,-4.7538559101249085,clase_1
-3.6575358831789635,-2.327436715618339,-1.5930378479983691,-5.728488156358857,8.059506733496177,clase_2
-1.8982427556922343,-4.625290212181758,0.5140373849085995,-7.83048657999283,6.710615267543478,clase_2
8.940083062338665,5.094280043046108,-4.6226059343156995,7.3842077244231925,-4.465577954194,clase_1
-3.2712147176521613,-3.970107862060265,0.061752117525396555,-7.665649274382514,8.08515929205025,clase_2
-2.758453022250517,-6.612548599623496,-2.4560322590672854,-7.962164409475152,8.682843694342033,clase_2
-3.4581575269702225,-1.7594458125032881,-0.9064954333001014,-8.316580505444167,8.911317350086415,clase_2
-4.055826953172189,-1.9500069691133328,-0.5578634316472064,-8.427956373579205,8.281176449682226,clase_2
8.53885852179723,4.755505011953497,-4.228595148541129,6.743986421870017,-3.8619977152551623,clase_1
10.61507345789365,4.333033916586291,-4.187210232377425,4.567642850115131,-4.354218975785598,clase_2
-1.6223993348006456,-2.5601105236290467,-1.0567348607367926,-8.64628438511959,6.173354028506666,clase_2
-1.3761818106001664,-2.387518936134149,-1.4596426349678957,-9.677453067355582,8.160025736566705,clase_2
-3.362059008810147,-4.3615913703708165,-1.232388144181738,-7.975795396295689,9.131463417037288,clase_2
9.173133682981812,4.911193816951466,-4.837157627500193,5.675831427584127,-4.432449781690144,clase_2
7.737720056135925,4.024426970268957,-3.486787677952597,5.720777641202448,-1.7820880222762443,clase_2
-4.436040004783921,-1.9595525423484925,-0.3883063108966861,-8.20402453531511,7.3159414419527975,clase_2
-3.341428572669308,-2.8911222208323024,-1.5167932333329053,-7.061698466257718,9.67380925741959,clase_2
-3.694640108560032,-4.908803179478188,-2.059849628784904,-7.733040295462625,7.498223954817946,clase_2
-3.301214512915897,-1.810757448397214,-1.0298472057171846,-9.238255258745996,8.915888238592885,clase_2
8.604221704256018,4.16111040290816,-5.070688964978439,5.204331085586117,-4.243190098563819,clase_1
7.056277474133699,3.135248051260737,-7.2141964177138105,4.943432203357472,-4.3014550585965186,clase_1
-2.4390350565047845,-1.910167242595616,-2.602581113375275,-8.058459520697049,8.48181514250126,clase_2
-3.67678175412574,-3.175906557333431,-0.3619829605440369,-7.553802635458356,8.4324473654006,clase_2
7.38226477298995,5.449752591078647,-5.290326882785378,6.80532652746602,-2.4626198935263464,clase_2
-3.753393289096707,-4.1909102032148935,0.9825551493093001,-6.904786724498187,6.194209076312931,clase_2
-3.1043790997217133,-4.4462766742812905,-1.0670623717681007,-6.927396605100753,9.086510297550996,clase_2
8.157959126886517,4.364066181664634,-2.7210725281282633,7.106356846925324,-3.92437353984574,clase_2
-4.246826650143129,-4.452417862445083,-2.8436193833125314,-6.973938832451513,7.791174369286128,clase_2
7.777841563832788,5.267964838518233,-2.815130280692813,4.839592112769019,-4.153712347075427,clase_2
9.63671405568086,4.313533508787073,-5.52528290690124,5.286797176374211,-5.464108952525174,clase_1
-5.202218947394608,-3.3047820785070328,-0.6502056677013076,-5.20841063134028,7.724004887287264,clase_2
8.611631952589878,4.0741344868778615,-5.561390985012459,5.291650279887407,-3.5235531929733765,clase_1
8.062199638907652,5.212134514265554,-4.540995932576197,4.305838568609108,-3.607148691165264,clase_1
-5.100834668719282,-2.7964717150043428,-0.6703075093034181,-8.434875482662566,8.540076544809686,clase_2
7.881817266611395,3.80202737989929,-5.587947366077451,7.098750974977599,-3.7957472807098065,clase_1
-3.9480645719172793,-5.847293870789796,-1.0513241896021335,-6.232738256653402,6.118433804788457,clase_2
-2.7045498562534034,-2.0115303138908605,1.4366707579426272,-8.242241898013953,6.2697486645200735,clase_2
9.217121711624582,4.138592982059764,-5.200866582699174,7.00871553429257,-5.778179431120927,clase_1
9.241686788110433,3.2910249869564763,-4.01609288215555,6.786695320479785,-2.8077476540346904,clase_1
-1.9841918125256832,-2.9061092635735086,0.1283606075595909,-9.682713146299683,7.374880701368143,clase_2
-1.021223327881477,-3.3474760881381784,-1.3710936165107992,-6.57381291560718,7.184575688377308,clase_2
-0.21299284985541256,-2.976630608101846,-1.2890767576309534,-9.003605240659473,9.523214198018147,clase_2
9.088205009077273,4.644585561226373,-2.8435522390659416,5.000177339292065,-3.524987582601457,clase_1
-5.638077541384757,-5.624006914525911,-0.40348578006936686,-6.329684391068204,8.385545466160515,clase_2
-1.2685271788133687,-2.2022893854462233,-0.7039610916407052,-6.948161876683166,8.014322335907778,clase_2
10.955733277438778,3.5379313748377417,-5.888174633049387,5.472558399155385,-4.281046800702201,clase_2
-3.643655872787786,-2.382800144576061,-1.1067516425937873,-7.925580555546015,8.511794404809507,clase_2
8.322403098448278,3.760473016663202,-3.759898090710326,4.534414538886677,-3.818689034621528,clase_2
-3.125935565425515,-2.622481593013589,-0.6582018482687494,-8.492345022139084,7.274504572138202,clase_2
8.919319364859643,3.5847085974712565,-3.8385727858015812,4.523233624889781,-3.914161472945207,clase_2
9.199440034043494,2.443208569028018,-5.297410784267187,7.234645600046736,-3.9424145836975466,clase_1
8.80936964686587,4.973791984340108,-3.6403921846207212,4.621056478402721,-4.114832838614124,clase_2
-4.181052699808264,-3.285605071903,-2.107636042548271,-9.005881569316248,6.068734566991342,clase_2
10.475002526169588,4.006346919562519,-5.867653252314508,6.027518768655309,-7.067378998517278,clase_1
-1.5544057644541396,-3.923739193561177,0.0023501923409459113,-9.954577567695738,7.198127951565456,clase_2
6.573748022637027,3.949417801805564,-3.210717347892613,4.69566994401604,-3.1766542110891134,clase_2
9.938932331346134,3.366718034283543,-3.6178167020779894,4.277628528861864,-3.0415438102818113,clase_2
-3.834412496601864,-3.2267994815930954,-1.8767214713040192,-9.09930934246267,7.7264162662051135,clase_2
-5.729939639876189,-3.9090233821297034,-2.6185726044227704,-7.440345153240515,7.342349925751903,clase_2
-3.36705380837932,-2.9247308680697084,-2.594314415139286,-9.09804169676249,5.960590888289478,clase_2
8.416415431637637,3.199334133001881,-3.499126309375219,5.821122673569274,-2.7177854260437377,clase_2
-2.065969332920208,-3.44182869097734,0.42254805557056363,-9.43224342737856,7.335001768616291,clase_2
7.907102402588893,3.613917458070168,-5.798755072786882,4.362366627006551,-4.287649713409817,clase_2
9.579576821495674,2.42020003169036,-4.177577604434521,5.738306157692599,-2.8998268910716147,clase_2
9.740829618541815,2.117350268968525,-3.9532092863914086,5.090618564468533,-4.3575623406527235,clase_2
-1.586601209533909,-3.8003485083348707,-2.7026332880771142,-8.370609497500855,8.132248453979866,clase_2
9.115137492069021,3.977887661822658,-3.444156780795953,4.783253293541988,-4.257000154499061,clase_2
9.08820744271743,4.527955417280116,-2.7239938388369627,6.053880101710908,-4.533027514258689,clase_1
9.659024175131242,3.1722065615428194,-2.50748852068939,3.177927382391904,-4.7038171819254435,clase_2
-2.6625275177853958,-3.856251796842314,-1.4388698075049877,-9.139122632395702,8.476661359110485,clase_2
8.424723742496795,4.671415958055443,-4.574297060945864,6.0954714203542,-5.142370704292803,clase_2
-3.9144471597876267,-1.7274404392017044,-0.6521668913883607,-7.365493910175047,9.59959767691994,clase_2
9.794485952955645,5.396875048686486,-2.9682063376815417,7.487050644281802,-3.9232304420761692,clase_1
-2.695926664969313,-3.340961638899706,-0.43180592880462154,-8.822350343037177,6.953852904929496,clase_2
-1.8258247101071972,-1.895925651442409,-2.179680819891396,-9.36964974177053,7.489476160134943,clase_2
8.50769105473119,4.856999384707939,-3.0755670948554448,6.825326235673234,-3.199771619216068,clase_2
-3.0175562308841077,-1.524964496107349,-2.7680635600926466,-7.672904836597436,8.848379042709407,clase_2
-3.613161495090263,-2.844080268042691,-0.12704196138541501,-8.74396096592883,7.0176271508048025,clase_2
7.361695376475142,2.757714366271361,-3.475660983272264,4.732328115998258,-3.946114458898507,clase_1
8.091836855199588,2.4201711107857227,-6.022479401450578,5.149245004414499,-2.8545718166292753,clase_2
7.8388777885209295,4.24345935458214,-4.161614040950107,5.399206287507123,-3.853837562378368,clase_2
9.317558433293687,3.4243329780938208,-4.558617436241839,4.125533491004302,-3.952719983669299,clase_2
-2.320742579530212,-3.8526350417858892,-2.5873532555236283,-7.524617631120021,7.170601280313018,clase_2
9.563994064500658,3.9530806193403585,-4.229482459220048,4.168516160184125,-4.177290343783976,clase_2
8.935394746596126,3.5487672001559103,-4.844223883799923,4.812411950280308,-5.698788280847375,clase_2
-4.007918810414701,-2.957008076341275,-1.9946553302839916,-8.8199516016211,7.520460665920355,clase_2
8.456848023631734,3.4225568169882203,-3.8712065611015802,6.066180703781866,-2.58978008879141,clase_1
-4.24495333912251,-1.442348776893089,-0.4244397269517981,-8.76262249483288,7.947444918915858,clase_2
9.280901895885844,4.664170438974567,-4.921457439363619,5.576959297231603,-4.50077097565518,clase_1
-0.5709630595705515,-1.6272399965289739,-2.312269212287128,-7.564221174646029,6.631816430438859,clase_2
10.231292808205787,5.067749115076225,-4.303920076399164,4.764638238073308,-6.202198889412816,clase_2
-4.429439226188988,-4.498630276321259,-0.9908202259898066,-7.840765828974463,7.597648692837528,clase_2
-2.2523301454227824,-3.1727884670611712,-1.451035047199927,-7.643409489647773,9.323905413955176,clase_2
-3.8922919879917766,-1.7533816714802688,-2.334520668782193,-8.625370768682794,6.193585799236503,clase_2
10.468614911805314,5.429119414777729,-4.359346503846211,5.910977822276334,-4.481445064986204,clase_2
-3.0492884028002325,-2.283073486072958,-1.2025699910540262,-7.084309928385254,7.935883681499013,clase_2
8.874900911104179,3.5453487735255016,-3.771248486979278,5.991997282328733,-3.3734091401409136,clase_1
11.850902428220095,4.27024211044468,-5.402082196337362,4.28364050601499,-5.3948696527612,clase_1
9.900643655332622,5.41542768689616,-3.5544865284088933,7.162620550588782,-5.0840143371121025,clase_1
7.522770546622001,3.5214302155957258,-3.4071258461788565,5.019725035216643,-4.768424005366568,clase_1
9.005552853999504,3.376076920726746,-3.6657496057074455,6.167972575182688,-4.388083433526441,clase_2
-4.01018966825518,-2.123702892462724,-1.4753496736769212,-7.99978586196673,8.313320284528421,clase_2
-1.971609189082793,-4.9689336095001755,-0.810524158342561,-7.750429633581845,9.531159753273808,clase_2
-3.828251668223931,-5.196411243170028,-3.6371810119828694,-6.856354879416568,7.795956684077396,clase_2
8.494572785523978,5.284841989064084,-2.548173481871896,6.631216031634931,-4.011863294107051,clase_2
-1.3691237521613522,-1.8937665944223563,-1.6736517209999264,-8.438325556904376,5.7096774714019265,clase_2
8.452971975701121,4.984555401187199,-4.642807355709726,3.716965430008143,-2.5817817598822352,clase_2
8.96090295513146,4.463711075111642,-4.521729284663529,4.951378049024189,-6.03590433172986,clase_1
8.89256103398832,4.482992985736815,-3.5388003516109086,5.044706139555515,-3.43390564640135,clase_2
10.891916999939232,5.444432735588346,-2.642625404927201,5.4236243429540085,-4.4387289691501115,clase_2
-2.929539636698695,-2.364805618242465,-0.5330018910976602,-8.248171695874374,8.548187723752676,clase_2
-2.8328775482282915,-2.8359844596825483,0.04984636159105582,-8.20182555077118,7.205484085379633,clase_2
-4.037800703443172,-3.9768395671788817,-2.2267033506304186,-7.414191987617449,8.513562752216465,clase_2
9.206156552608425,4.349203818232806,-5.344842278315127,5.92199362662543,-2.7389424206270396,clase_1
7.360308574823729,6.426324709240918,-4.400470596350455,6.292697776389972,-3.8296062642443855,clase_2
10.302973489665128,4.684350631332922,-5.243123088940208,5.921688320779094,-3.5525046639455695,clase_2
-3.95581450834945,-2.5685709953966285,-0.25684423823504743,-7.368877901520434,7.880382429991631,clase_2
10.606646648703435,3.140410618716296,-6.355173840160653,6.279092318885743,-4.436208126723873,clase_1
-2.8953710504529417,-1.9074300179502304,-0.972863537679511,-7.777312851864176,8.607132636966233,clase_2
9.029641027040629,2.8278528490931367,-4.148474401203964,5.603877793479344,-4.7762755229609954,clase_1
-1.8693550557656804,-3.6637847702678226,-0.404915419355103,-7.862388502359536,8.368976188435783,clase_2
-2.5226392910281485,-3.8952996914134124,-2.231991922850363,-9.029067275028535,6.92048499194656,clase_2
5.7787614054459375,4.256842909248016,-3.899178333724564,3.959607611465385,-4.782594141474327,clase_1
10.561293463781837,5.36495574074509,-5.115603086021295,5.128622482605737,-2.149690432816513,clase_1
-4.8703604456578855,-1.7618816697248052,0.3891268420612408,-7.755278225278798,9.659645598065701,clase_2
9.621780039722479,2.7561318544804294,-3.028581182720176,6.59175592220505,-4.157717957702902,clase_2
-2.366385273557579,-1.3901706396776405,-2.129684426500205,-8.45876355782412,8.490226371380514,clase_2
-4.548803547052899,-4.124714371488804,-0.3347098659898955,-7.835483197988947,7.027661443348828,clase_2
8.115430119229623,4.089640223625814,-3.37381709247306,6.532721924754798,-1.308191890061539,clase_1
11.716237434951484,4.725112623813692,-6.873895793065472,5.21456956611711,-2.6275902280760266,clase_2
-3.3710946665702495,-2.590540425125966,-1.6115156850934993,-7.659643609480877,8.883291824646266,clase_2
10.64756883369512,5.379101850925594,-5.582372828627735,6.164426442942763,-4.361532847408398,clase_2
-1.8680568635287185,-4.499932051917297,-1.5007990451969373,-7.251485001908696,7.841194137061579,clase_2
10.675594061829724,3.2345535117613853,-4.953760207526464,3.4240680301277675,-5.004780669387956,clase_1
-2.4073421116961433,-3.967133223663407,-1.086167536503536,-7.535440775222506,8.401473771630108,clase_2
9.789185384599705,4.52113185781293,-4.897156105167332,4.802767831585176,-4.1442262406522055,clase_1
9.225924581322772,3.7825320321397036,-3.7985545355573596,5.569035643939723,-3.6536406887705333,clase_2
8.706197000245108,4.971403959787235,-3.1664898691601024,7.000742362601349,-4.712123295426629,clase_2
-3.03562928965386,-1.4171769532182612,-2.2153164389163345,-7.161232121066446,8.000250544319325,clase_2
-3.2603239825797314,-3.1433804905955713,-2.7912522591526256,-7.163508613028301,8.56065020888701,clase_2
-1.5072866993411238,-2.871548667844596,-0.2164713767223797,-9.184555109194045,6.483106039077785,clase_2
8.342784708513323,3.7638682946719695,-3.904980497925366,5.7762626176154175,-5.522093144491977,clase_2
8.987506952047452,1.9414922563997519,-3.335157809366579,4.239873080405689,-3.991754860632154,clase_1
7.490154407001846,4.049813145771121,-3.5796555897752564,4.296720889588093,-5.1921903775172495,clase_1
9.883513864810476,4.178038034004888,-2.594601945458604,6.310505239745704,-2.844178111447878,clase_2
-3.810374091408253,-4.1156505985505385,-1.1771449890399575,-7.829781324280741,6.6182771618522365,clase_2
9.579850673169569,2.356960354814449,-5.5185951072218495,5.714211591117573,-4.357575384987332,clase_2
-3.2783065592052294,-4.021084263825338,-1.748224766108544,-7.911382793440608,6.825931173043761,clase_2
-4.124360291877145,-1.8119336903440213,-1.2886345405959976,-8.882986308779227,8.69419751198296,clase_2
9.39875071147017,5.380251721185787,-4.611177922587336,5.140759626584902,-3.467986937583521,clase_1
9.559483049332021,5.548912146030299,-4.759054917492416,6.94799337443432,-3.1915373688329507,clase_1
8.354885615548232,4.00658968264021,-5.806983815489059,7.9857620524068,-2.455569096685699,clase_2
10.242822303369175,4.258072883119366,-3.4854107771367633,6.321735044146966,-3.100615813545798,clase_2
-4.709752946148015,-3.5168805437950192,-2.289727565433995,-8.341443437075208,8.38295358138861,clase_2
8.747432454613156,4.601167354348381,-4.889572322970473,4.279357105338815,-2.965641693205832,clase_1
-3.7085539379701653,-2.5334047127709702,-0.09488635610844565,-9.34263124972534,8.110483768202982,clase_2
9.971805171275648,4.979185570557348,-4.36703695514287,5.908224681224443,-5.264087891509801,clase_2
9.54160996442849,4.554739780870449,-3.37239849119986,4.786799722093453,-4.754819802232446,clase_1
-4.110125896001224,-1.6547279615848665,-1.8430303150059024,-10.255523406797677,7.98576789338217,clase_2
-3.039581306099156,-3.901172277686257,-1.3264833852142228,-8.23377412816655,9.293197904634102,clase_2
8.964087555244998,4.759376985157965,-4.19429176862611,6.466241156136931,-4.106439656975455,clase_1
8.694261879256311,1.6334981788015783,-3.7850862998308967,5.729627107459078,-2.961986018213351,clase_2
-1.801484529637258,-1.5004115089487906,-1.892955334801314,-7.728091210012055,8.70382992517936,clase_2
-5.309088875150579,-3.4948670501406123,-2.9063516914529766,-6.86549225839592,8.218627797442826,clase_2
8.259122170728226,4.4003423937360475,-3.601548306766476,6.14903659307433,-4.745938882710147,clase_1
8.357242016923973,4.176849723496613,-4.553182746399759,5.667403873924548,-5.163206459460151,clase_2
-3.771657182851022,-3.439294492976727,-2.291412735223004,-8.559165892925886,7.727835322933747,clase_2
-3.009108100435601,-3.606681346844701,0.7432564746901131,-9.049607072670543,8.041447028241928,clase_2
-2.044231663898887,-4.407833236349247,-0.8182991972057481,-9.91522223063926,8.91566680286736,clase_2
-4.778445355674136,-1.9880363184287506,-2.4718018465450795,-7.0164563125326005,7.990135016884239,clase_2
-3.1771300577813766,-4.144995584949115,-0.2924996847360376,-7.701845899788707,9.419623742122987,clase_2
9.071436182580234,4.993769816240186,-3.4530373356833595,7.177686661143222,-5.415265818325635,clase_2
8.068042054399328,6.011571025622036,-6.6633764130423625,4.298314037371314,-6.011202487493591,clase_2
9.265623962301731,2.4794532050372977,-4.762932272816205,6.409792963944031,-2.896406106946878,clase_2
-0.9960425980657099,-2.506614349503196,-2.106948933317654,-7.696344548595347,6.334044430213783,clase_2
-4.400139821818037,-5.104548536836349,-0.7668376954536864,-9.002258081157654,8.148702827150931,clase_2
7.097130034508478,4.948008807474208,-4.734446247814862,5.377886037093989,-4.673362398703368,clase_1
-3.8741298514009848,-2.618673731060725,-1.8236856143129745,-9.022330906223491,7.48511772898761,clase_2
9.221615819245278,3.962766296972307,-3.4297681436026695,5.946088000846334,-3.4175671699801886,clase_2
9.541122948903194,4.10570454793759,-3.60650261588835,4.20415632482632,-2.6103298775612185,clase_1
-2.3902555404987824,-4.443585767529472,-3.1041830460282513,-8.977783172567063,6.955707457085384,clase_2
9.624222683391189,3.546276358764308,-3.4860122620752283,4.312481784628469,-3.136621076649109,clase_2
-3.84770348139004,-3.278848251242194,-1.646414624221932,-9.932332165648358,7.384251877304312,clase_2
-3.4205153527072953,-3.0794752453565564,-1.674189431095071,-7.815517176541132,7.296807483638916,clase_2
5.799381882236641,5.171390881401189,-3.0503256991904935,7.5467270844354175,-3.016754523363344,clase_2
9.747712803416766,3.543877634056612,-5.286212561000885,5.2642029138867805,-2.2230958136902306,clase_1
-2.509196295063067,-2.738851392708406,-0.9132980286145505,-6.891249354118909,7.471715584154798,clase_2
8.402456800899326,3.671252503112697,-4.678795210691939,6.441803316199717,-3.2737357361899315,clase_1
-2.4449243308976865,-2.200528675961848,-0.7928147364457111,-8.516655337676074,7.004607618019657,clase_2
-4.0366698629497195,-1.796429791206053,-2.514474116143739,-6.847343079662481,7.94133789001234,clase_2
-2.1731326914771443,-2.9332803663649774,-0.49681306665097713,-7.73924982015337,7.579092931416372,clase_2
7.57946269433611,2.414959776210133,-5.356167921996832,6.716680085501725,-2.8070080067382164,clase_2
-1.2843661129218524,-4.774773798597417,1.097913450750061,-6.816608602635608,7.786620835380711,clase_2
-3.999250664067249,-2.1383220695246026,-2.7496651855219536,-10.287920663037799,7.747837569489901,clase_2
-3.0261908055489712,-3.3146332072831424,-1.0502284294863276,-6.975972424818364,9.246805076784586,clase_2
8.446826534487249,2.337888919108586,-2.8975009690474876,4.221840157887555,-6.84863214798423,clase_1
10.162615822878251,3.9765480824519246,-3.9227937222015457,5.713547066601396,-3.507267570952945,clase_1
7.712140784465358,4.8949113881788415,-5.95980494345118,7.493237261391035,-5.315712872430616,clase_2
7.533522958223622,3.203695358993051,-4.144605577014956,5.904254758197119,-4.77405108039296,clase_2
10.296481505964223,3.948852684968445,-2.8397004317732986,6.002844055418744,-2.9159766268196483,clase_2
-3.3156739678523257,-2.708874601930907,-1.2427056560752772,-6.4186138609098835,7.563329573043816,clase_2
9.511506711489853,2.764604674058633,-4.044863568771684,6.037004036951706,-3.3886325070527237,clase_1
-2.0533314868794896,-2.7517568189448642,-1.547086299445928,-7.998670457721698,7.528985498156581,clase_2
-2.855613578618676,-3.0146985992774673,-0.03233644204283781,-7.783660035406864,7.084456165751262,clase_2
-4.192267084667003,-3.585618266371015,-1.3408155766072642,-8.378463498044129,7.224105156682225,clase_2
-2.1675516741753236,-2.087161580281619,-0.8316499032325482,-8.773845282661338,8.370558099827646,clase_2
9.265563993626818,5.471559168332716,-5.079335925971195,4.213233478491711,-5.321342665664976,clase_2
7.984275626612812,5.76856777743866,-3.3416214335741934,5.403340194639767,-4.857055330731965,clase_1
7.934464786102153,3.7187604007345296,-5.434767694306322,5.004372831878918,-2.6229347651102186,clase_1
8.270159213360223,2.7838927987093296,-4.379006415318212,6.084141272121419,-3.7307314330716412,clase_2
8.477085661014577,5.859834477464329,-4.827202471093111,5.164436671796559,-4.7741445331013,clase_2
8.577834922347328,3.4397955664494657,-4.555521380898181,6.5317127202401455,-4.457415472126509,clase_2
8.632824476137062,4.484748074273245,-5.187630047599428,4.964034383047786,-3.8842533473407315,clase_2
-3.063844626273331,-2.14371170255001,-1.2796618583206012,-9.990127769448266,8.654317908074372,clase_2
-3.203107820219868,-2.4533583848414477,-1.7927284521379634,-10.583542124918832,7.239004261058018,clase_2
-0.6853255818314765,-3.5962606389908474,-1.5876119542091764,-6.4432275235652945,9.035409701908454,clase_2
-3.170090025923904,-4.289462708824682,-0.16310790364363803,-6.856870604996536,8.118885234880274,clase_2
6.582980352769502,5.4567708774791175,-3.663361215334835,5.52961286873044,-3.437187025520361,clase_2
-2.8476736644133593,-3.8417800090904906,0.24564180479743158,-8.121034917674777,7.7288025969799365,clase_2
-3.587774096047669,-3.970367226816113,-1.5472232496209068,-9.877089514804,8.563828077255064,clase_2
-4.075766207947785,-3.6013977310380136,-0.6624595719034341,-9.25153334367483,6.743380656507701,clase_2
-2.193879414844364,-3.9769970471142653,-0.9303659712408943,-8.259544868124872,5.872860758583255,clase_2
-2.4228957235824278,-3.3414242769099114,-0.5709701581026081,-9.624522553772543,7.933811252315439,clase_2
-4.06004897400013,-2.2589919312730258,-2.1026448525733743,-7.339371765662726,7.869058184942942,clase_2
9.726920252480626,3.235075545329704,-4.376486135063518,6.354860567900386,-3.7837250365436303,clase_2
-1.7689794071162468,-4.4669254502078095,-1.4857409214544202,-8.335899548544043,9.294797064720473,clase_2
9.748696790225635,5.212420477626624,-6.766774034041832,7.963888715978509,-4.818667361214712,clase_2
-2.921505288974027,-3.4955404454188637,-2.4274425410367195,-8.188522114407021,7.501055230502109,clase_2
11.060307199089904,2.9775561284692778,-5.420818873910564,3.6554692280361096,-3.8912824843490603,clase_2
-4.1111182190126305,-2.517358316388438,-1.4190318233459152,-7.983970980045245,7.400942180084987,clase_2
8.55087653342406,3.4587075688182503,-4.932217891159656,4.825142254523009,-3.2954894037174833,clase_1
-2.986945687429952,-3.2672589645521732,-0.6936933558230615,-7.0056931079848725,7.015746729802642,clase_2
8.999161812799729,2.861263980307224,-4.53661569940712,6.210450511818217,-2.5054637469911243,clase_1
9.752763971603779,3.1093478359891584,-3.438151326432414,5.354571247287131,-5.570678845294469,clase_1
-3.8992183028443943,-3.490160075913867,-1.391225811614758,-8.010624153823859,8.963999996454575,clase_2
-3.3900581391222215,-2.2398538134474175,-1.948991328637073,-7.830795266110096,8.319499739416104,clase_2
9.491534876914685,5.336286900579667,-4.575165199672226,5.343415691288239,-4.059435754854275,clase_2
6.760222029776632,3.129047264183956,-5.106495885352107,6.144286423741715,-3.3230958113445066,clase_1
-3.7791851345170815,-2.5938785978569436,-2.469054439488079,-8.076205404326238,8.01924582519915,clase_2
-2.1262243299114614,-4.526478470630588,-1.1100175607724614,-7.949886421331057,8.513825873697213,clase_2
-3.134572516122986,-3.6891955765448916,-0.176648784398304,-8.023064300926956,7.1705652805699325,clase_2
10.325550286629706,3.418836594362875,-3.623032754464888,5.787221014848589,-3.6364663668180506,clase_2
-2.834093933081111,-2.253862610668467,-2.1011400392441537,-8.17880497555208,7.199111051012083,clase_2
-3.7587301725802655,-1.9268741844886996,-0.40969091167146376,-9.008148528232999,7.114590640488239,clase_2
-3.9291027538445404,-3.1329978842180166,-1.8245871735426105,-10.74671413518118,6.885275658808387,clase_2
-2.3347674032755545,-3.9457418955579895,-1.0715050247118514,-8.08980941523142,7.408002661781814,clase_2
-2.0089608383468733,-2.674998054831602,-1.0887007772668187,-8.853855885517174,9.25634486396909,clase_2
9.94965239140983,4.768083517889041,-5.641161598145295,6.113741340516046,-3.8919129035845756,clase_2
-2.6475310884546035,-2.9075072118538015,-1.764284554493666,-7.529040890490161,9.54299975134903,clase_2
7.953165964716047,4.976205092074515,-3.4208662745509155,5.286536282197213,-3.597036725825453,clase_2
8.77145925391714,3.3267363280695332,-3.8078649749297155,5.582242149503934,-4.5435634128835956,clase_2
-3.528301941992325,-3.0423239102995003,-0.5111147732811555,-9.25666704586435,5.978549204746514,clase_2
9.09727231266872,4.843843486320338,-2.6270563830101743,6.212129991996468,-4.323623423148575,clase_1
-2.206803900571853,-5.182219583908885,-1.744275443420225,-9.23536355514116,7.987355289288943,clase_2
-2.977045789010704,-3.8949584567521462,-2.1733428777531962,-8.810725323114367,7.460296836063585,clase_2
7.982009998050708,5.331900771020089,-3.164159488550503,4.004528635012027,-4.254906445608754,clase_2
10.652986790368278,4.357613386391884,-4.184496294373746,4.486369386679453,-4.707801791669919,clase_2
7.724955984120487,4.725299649367632,-6.6308521562099685,7.458720274695539,-2.4531092150138925,clase_2
-3.5679852264712735,-2.919934257237844,-0.970134105976074,-8.449729230477063,8.047237396791063,clase_2
10.741105121193826,4.889887279876914,-3.934092487938767,4.973994899818946,-3.45472238087172,clase_1
-1.6743756586952803,-1.1995843110972892,-0.567801544814088,-8.989981078443202,8.42655682478968,clase_2
7.922851638129796,3.1227048879172687,-4.961178153516691,5.629100195482525,-5.136028729526636,clase_2
-3.328525178581481,-3.7668219849993267,-0.5103206344495615,-8.729596323971789,6.7419556876750075,clase_2
8.121652704600548,2.806955864951737,-5.634552935515085,4.517508270201192,-5.008779743592722,clase_1
-3.7790765864739204,-1.9503500038209884,-1.102344085854072,-9.54766792011138,8.169541342525195,clase_2
-2.755995173991565,-2.018053902435682,-2.0082420999158908,-8.751498211873042,7.011216434441263,clase_2
9.77725846252872,5.420644957534236,-4.180529013165639,6.2955455190209,-4.417393752709228,clase_2
-3.0279635814788146,-3.7859422255246393,-1.096797494082654,-9.018196451890061,7.296043254766579,clase_2
-1.6901780485858817,-3.071458908684681,-0.5174741320256347,-7.186472901416856,6.54436830420516,clase_2
7.516504218320806,2.64930063658577,-3.5679658603261855,4.940936107066083,-3.690892304133202,clase_2
9.845589940317215,5.810163774921195,-3.799888280939351,7.742165398159616,-5.159173723053487,clase_2
7.578836647465279,2.970763076581717,-3.955392172016282,4.589472538430936,-3.872562368789196,clase_2
9.198570881475906,5.89776312198752,-6.230876347470417,5.917015694888431,-5.227850821822238,clase_2
-3.601114280510788,-3.097155766112987,-2.1796975235999474,-8.562864513517889,5.827414452323055,clase_2
8.810413938103402,3.508831877187542,-4.621958177968274,6.369634659343474,-3.0997770845192254,clase_2
-3.38572604074475,-4.329802029599698,-3.3782274018589393,-8.391034744689149,7.7873474854047045,clase_2
-1.9087750612912573,-2.785934416817751,-1.495313952309214,-8.630160170184011,6.455895163035876,clase_2
-1.6121408556923917,-2.9008152184707496,-1.44682143270802,-8.801809384516663,7.220054125593348,clase_2
-4.2697951754396675,-3.1013898201449672,-1.157356474442599,-9.467868026118802,7.028011508663453,clase_2
9.32647944522129,3.243615042557413,-5.071590802348206,6.770242961387694,-2.9785669042613745,clase_2
-3.172743848443186,-2.8998729083242427,-1.730975998692519,-8.714205831785414,7.941859604459191,clase_2
10.327069342647901,3.9997131902692447,-4.200141155239538,5.253121961831273,-3.420115982684402,clase_1
9.768278872360648,2.7131899512077378,-6.533422261626834,5.188607162509967,-4.809102563430124,clase_1
10.006474352323885,3.6037986487736706,-3.874160774436913,5.872813081309255,-3.9088974720007195,clase_1
-1.6148743627638193,-3.286366579868398,-2.202730665087869,-6.930325568769528,8.038749666129357,clase_2
-1.8172531227395181,-4.014026049252604,-1.1433787944237548,-9.042482328888134,6.793977707234738,clase_2
-3.0483362181046054,-2.1708524002979326,-1.6908319986617117,-6.899608100944375,8.504212654076575,clase_2
9.745519125364476,3.4615552951545925,-5.257293280911748,7.2648175483607735,-5.0722975550868,clase_2
11.005263649811688,2.290384784336889,-6.044721192994378,6.500898370919178,-5.485346430153675,clase_2
9.367516120748075,5.072546120312991,-5.4436422959777575,3.9596329626938234,-3.806285394215697,clase_1
9.034656861753392,4.864795867914247,-2.847969444251308,6.336196764801839,-3.2525297188040105,clase_1
-1.119512055119526,-3.3462862993861187,-1.7465234541354602,-8.52152695958816,7.019323724119964,clase_2
-2.5281300267068896,-1.9590108589773882,-0.7002574643676167,-6.419159381208566,7.329336352160632,clase_2
-0.049384388320252715,-3.130144081279321,-1.1079593210869976,-7.652775831371951,8.750557757283637,clase_2
8.792321624555658,4.2423523519384965,-6.095911797919442,5.218102450129917,-3.9292239044825354,clase_2
7.735812715819085,5.747930876895742,-5.855353275111903,7.1509298820676115,-4.879763629486306,clase_1
10.325887987426707,4.612228345592269,-3.4541715964340343,5.369396535209966,-3.3426226984345853,clase_1
10.252271018562062,3.9821355701299903,-4.773184530935577,4.398405188118103,-3.3980244040307994,clase_2
8.617733365445003,3.149809423567852,-3.930517452414033,6.028660400778562,-2.593259124689521,clase_1
9.345621629697018,2.103658069764222,-4.190787059364283,4.492833606023908,-4.831327295510588,clase_1
9.625806574992767,5.8161708898328595,-5.9898830860027354,6.391230014159429,-3.8172900419189233,clase_1
7.163388453626675,4.3256478249282635,-4.723520705506412,4.855120032022037,-3.6887076241784484,clase_2
8.6027716297187,3.237654454383523,-5.958087774772968,4.569924491155517,-4.554056316348416,clase_2
7.766984109783619,1.8221357686977164,-2.873085394176584,4.942049108862771,-3.757504234107626,clase_2
-2.626596830674958,-3.5487222032775616,-2.1872444615158724,-7.815960251735169,6.371257522082841,clase_2
9.67134259348535,3.2531933016255494,-5.393267917752139,6.366838509567885,-3.6164741006182264,clase_2
8.74730215488783,4.013289963718003,-6.297308185114611,4.07861327150964,-4.691743140593451,clase_1
7.457132742877839,2.7981261559631596,-4.971846139003808,3.6691353533176834,-5.270654054623513,clase_2
-2.863628217780673,-3.3928741892650307,-1.3124031790282604,-8.778759035645297,8.400044699290305,clase_2
7.045888901553724,4.151198297033273,-4.201837603903196,6.402851614455835,-3.9154707982723775,clase_2
8.155830555044142,1.9909400234963677,-4.889289075939197,5.038764241990927,-3.72365137408738,clase_1
-4.427161989281225,-3.0687484157762137,-0.08020855453261211,-9.010472809445076,8.581901002142521,clase_2
8.622791009662022,4.8136296456839665,-3.9511273651941172,6.8989740786967255,-4.142501455863959,clase_1
-3.824581912156298,-3.245380975619875,-0.0109771975240478,-7.825429298214082,7.057279372218836,clase_2
8.160155619763996,3.521991931690735,-5.508443853214559,4.8131847073134955,-5.4796644145852795,clase_2
-4.06207347114667,-2.6864803027686897,0.5255498037329327,-9.07548726665679,8.62774919272459,clase_2
-3.75458608222514,-4.16602285028034,-2.2595411155656278,-8.194092069499222,7.012437861904987,clase_2
10.839049496414848,3.6845130360323526,-2.568159306836474,6.60630988710269,-3.7163839449088676,clase_1
-2.9121425728468,-1.268286893378972,-1.689396288060043,-7.9766060312649785,6.990163731681561,clase_2
10.481291767280332,3.9039483764963765,-5.5082938664645225,5.996730512380192,-3.996000164593133,clase_2
8.569326623398954,5.6293143699128665,-4.252358721114456,4.537991984637339,-3.821394591691031,clase_2
-3.513733188676534,-1.7731488369796835,-2.2823898879810254,-9.557025529178729,8.15583467903565,clase_2
8.522172694876776,3.1524684474677587,-3.9718502253342716,5.729243543143306,-4.0896093730354215,clase_1
-3.4908263954571837,-3.834905205893768,-0.6934568197380023,-9.220947354113532,7.514620593262639,clase_2
6.993002366677512,4.52007927325589,-4.899897323022897,4.945191538643532,-4.184908969262797,clase_2
8.356768102988491,4.872132403654455,-4.840194727615316,5.760974769301329,-5.162673123208766,clase_2
9.059528554354712,4.1391442808489565,-4.594139504709625,6.426681346890172,-4.439050592064518,clase_2
9.559863787040166,5.113074496936403,-4.0233471215585865,5.670897532505584,-3.981949428079014,clase_1
-2.1030044313601675,-2.774083592436778,-1.622561061552867,-8.388169762559738,5.619621857654408,clase_2
8.138703979962381,5.075904639548893,-4.1361436570426475,4.307712118778518,-4.501620204285798,clase_2
-0.8979225613265767,-2.429717650851867,-0.4328908030575578,-8.475989333431466,6.516435990493566,clase_2
-1.662259444716438,-0.7068233268557012,-2.6923014966685654,-8.687840699247035,7.170162924097194,clase_2
10.020944444792814,5.0461186340474,-3.562143176989304,5.774955138228202,-5.302106036748312,clase_1
-3.9114570832480076,-1.6912120479477097,-0.20287844977851122,-7.240454449713572,7.088734800056848,clase_2
-3.511536054587524,-1.8984474988887752,-0.6257302120278821,-9.441919756651798,10.577651570896084,clase_2
10.938830823603464,4.792017213745934,-5.640541292687552,6.124552517954076,-4.309897998088484,clase_2
-3.104144424180179,-2.137884210304936,-1.7570957436992791,-7.666908746130612,7.809364117612843,clase_2
-2.0033713975624994,-4.210481176537008,-2.034970382376178,-7.93213300442269,7.606793656254076,clase_2
-0.7407365600910851,-4.5393538799476705,-1.0825580593244633,-8.256539383702934,6.0731760454513495,clase_2
-2.0062101040391713,-4.1821352720153255,-0.7046605033010449,-7.998216983833056,6.608134677619169,clase_2
-2.3350403610595003,-2.8452983005120127,-0.28994753772131865,-8.359956279395238,8.936338904732942,clase_2
9.427798921384687,4.8135571990319255,-2.213561173486836,4.5972673958201895,-3.7797783333691166,clase_2
-2.01760244295494,-4.533917183675463,-1.2451938606730941,-6.6027527745562535,7.3902529342562095,clase_2
-3.1482054424768986,-4.050440088963673,-0.6733992903167482,-8.850264761795389,6.907409638443209,clase_2
9.830413908397052,0.4408992858782921,-5.221341148402148,5.763784801006989,-5.146506578202984,clase_2
-4.132063885440538,-5.498657128894779,-1.4698454944659005,-10.686596596243472,7.879107886186615,clase_2
-3.3632146572529846,-2.9698114099283233,-3.838379630833033,-9.9134105682955,7.155131512061476,clase_2
9.555542984097352,5.7385400299982985,-5.134284429683149,6.754839863626186,-6.850092088586246,clase_1
-3.697331524440727,-2.554455458874346,-2.457200455818084,-10.033985187328994,8.012758323824873,clase_2
7.757473114938591,4.284064769738038,-3.7549611414897694,6.784619347356537,-5.172181278750159,clase_1
-4.405278080609333,-3.8696303181452985,-2.456979479286795,-10.279007507158374,7.173147599269367,clase_2
-5.239987439051877,-4.00747303766798,0.0031690919572375797,-8.671842616691169,8.186214215851392,clase_2
7.784915131313769,5.165875953913595,-3.243069857693831,6.3844637196442005,-4.113599884118251,clase_2
-2.750801115972213,-3.4073143141984534,-0.21353168907016928,-8.660866926163294,6.414557269383025,clase_2
-3.5032531056226635,-4.027259391819724,-3.723290036147486,-10.495468475458793,8.212213533685821,clase_2
-3.2889872514219363,-6.065118484606473,-1.373570665985961,-6.369622907424535,6.83767252775504,clase_2
-3.071633105188791,-2.2584051624156984,-1.0660536497786324,-7.2858562410829535,9.058263253608688,clase_2
-3.2929553679533696,-2.6482899394401205,-1.0084676683649403,-10.146890160445771,8.939391114067293,clase_2
-4.47345872192037,-4.659560912709322,1.230566946309784,-9.279735880746648,7.282793398756616,clase_2
8.36089790416895,5.328591058538392,-5.151893756349025,5.013325787863629,-4.049857250487042,clase_2
-0.9267452409381303,-2.664449145285836,-0.947432473224888,-6.117819194367059,6.991062131588725,clase_2
9.79455143048801,2.715899522371275,-5.522518852132516,4.349834867143307,-3.8305990785945836,clase_1
7.924979419429311,3.97777612434825,-4.279579937001581,4.480255331728778,-6.271566443611661,clase_1
6.923489178492445,4.633884145575682,-4.840591167868773,5.076210975708924,-3.3853807886142007,clase_2
8.190696619817752,3.284835394362287,-5.010769899295829,3.7446339844144854,-2.7387483868076594,clase_2
-0.7296366280649718,-3.625167329768431,0.688147856707809,-8.928016300757424,8.894565329077022,clase_2
-3.317738240317766,-3.4231255522109807,-0.943460621064559,-8.276484769228428,7.140104522784123,clase_2
-2.1477639623078653,-4.1196196746734985,-2.785898137320085,-9.27190534458483,7.128928722717182,clase_2
-3.3476066194244,-2.057211416990892,-1.4839888722834236,-7.31296151140333,8.11989464180432,clase_2
9.24998491965219,4.000780352896839,-3.938463428104956,5.9217454225559125,-2.842892400887359,clase_1
7.858125222426947,4.771596903785737,-4.546291147553508,5.022010300442478,-4.415092086836713,clase_2
-2.624069314980362,-2.2782036278001208,-0.7237470171149232,-9.800562295361965,6.107725032926995,clase_2
7.5421802388596495,5.249925751755604,-3.9035359931756224,5.102130982586536,-3.6938960279835245,clase_2
8.696050521824652,5.0233621753176045,-3.875236642781478,5.1259981592543244,-4.487545208890866,clase_1
-4.128624699046685,-1.732647089192321,-0.569754834393148,-10.30671740016648,7.5381384830105445,clase_2
9.518208732107876,3.8851677825946345,-4.029610431046926,7.088060401319897,-4.478871520470614,clase_2
-2.6613938735002183,-1.202854033427174,-0.8122638962176385,-7.581850379531794,7.55654983956878,clase_2
7.181109138065901,2.835181877740809,-2.5505598421790507,5.234764874066362,-3.436170404301148,clase_2
7.831971239719875,4.87694425102893,-5.301414310470989,5.867358051840184,-5.505259068091089,clase_2
8.234167348294951,3.464885036568337,-1.8921659501005035,5.247931877662363,-5.544285193549067,clase_2
-4.328092480415731,-2.2463987307380773,0.0986779835879048,-9.401029214257422,6.017235655761412,clase_2
8.12995671631926,4.7196011536818,-4.603667504159841,4.837168967423993,-1.4001277042230837,clase_2
-3.957141304742542,-2.5763013426567163,-0.6349621723786951,-6.3316612004018165,6.064709795902213,clase_2
8.840097597305176,3.641079656922396,-4.273797667228116,6.010813617242513,-3.190485072617225,clase_2
-2.387647313925734,-2.5941010692763053,-2.9792762012497285,-7.623701952276116,8.200207766123414,clase_2
-3.291529164834797,-5.045735409711739,-2.370056258192232,-6.299538012727404,7.371301157314492,clase_2
-2.91306717279646,-3.1051365482956257,-0.08381168635408587,-8.186129980686884,7.506914858012335,clase_2
10.639367996032151,4.0480801756326645,-6.116779736264601,5.468056247573138,-4.5940980846699535,clase_2
8.384055294880884,3.562580360642578,-7.686743310255061,4.779377373297596,-3.6752336338612484,clase_2
-2.31892315596647,-3.9259323232184067,-1.6631108840764508,-7.180971676150505,7.242358795484068,clase_2
8.86091946250151,4.479231259063103,-3.881497622252709,5.768655921831021,-4.634130410137357,clase_2
9.00313266246318,5.16236715493053,-4.202926733071533,3.4132592431841338,-3.5719554526316504,clase_2
8.347668207393363,4.641111013751116,-2.865231974728858,5.505993550554015,-2.9605727124927967,clase_2
-2.3350997080455658,-2.1623659247235816,-0.9997404516868047,-8.256163315992874,6.9168465251496976,clase_2
9.585575903693838,5.007471595552212,-3.734951403775269,5.360914036181515,-3.877424912341838,clase_2
-4.17346171944502,-3.4724323053993302,-1.6206818105371064,-8.246744480317851,8.41652408759839,clase_2
9.735233792464834,4.125697501465315,-4.208482784094089,4.309547140399435,-2.259737405186489,clase_1
7.986268151041651,5.155016792448302,-4.0786791938946685,5.141708620358884,-4.6341189381946215,clase_1
8.188468817363773,4.596530227491694,-4.3814149440474655,7.425249701982621,-3.6484283304323166,clase_2
8.016779806390954,4.292584270749931,-3.7736794474064106,7.10060991615438,-4.268092231910535,clase_2
8.230598098937989,3.6299756559305343,-3.0647677583553623,5.6863122877900185,-4.686631250939069,clase_2
-2.4884443519325634,-1.4636164793432815,-1.5376125987011164,-7.836225545434959,8.537724065660756,clase_2
-4.01511019472245,-2.764458368125685,-3.9284638363288895,-7.091340655088624,6.826583684329212,clase_2
-1.8512100275131347,-1.4169451104174373,-0.857331450726554,-7.64943650955116,7.852789179145339,clase_2
9.725956282987125,4.425507542162796,-4.190088945412649,6.13535828904934,-1.7320609023414302,clase_2
-3.8094964082398732,-2.9481726873030403,-1.5826106562759668,-8.69036254869836,7.361459210787134,clase_2
-3.4018964353806225,-3.522883750201748,-1.103613562331653,-7.4584126892646,6.886665703370851,clase_2
-3.4177986693684157,-2.0717572197716247,-2.1943841636759513,-8.181851351090828,7.971899245477476,clase_2
-3.46551952369975,-2.657061111648485,-2.3414859112012874,-7.413241048485091,8.820053864248615,clase_2
8.918533644125953,4.217322828629219,-4.863356898175907,4.205596828982371,-5.823537611776561,clase_1
-2.3019805955119392,-3.317034526291313,-0.6710939377271465,-8.580388572747493,5.92580942457298,clase_2
10.530029794662639,2.780273309121894,-4.383454830860103,7.272273396462241,-4.589610315102986,clase_2
-3.56033547497661,-2.7878038082543393,-1.9907052769566438,-10.112009155631137,8.458222707390684,clase_2
-3.554598814340025,-3.1987825443867988,-1.4605174311581037,-7.749651130237645,7.82322930384468,clase_2
7.882922376879131,3.6202184171740637,-5.838251146416894,5.67406937781138,-3.379087229761662,clase_1
-3.486993743503022,-3.543556065992502,-1.3569874711075818,-7.503113462282222,8.82226241720415,clase_2
9.715284409829582,4.478005446122142,-3.730778416182864,7.151897472082011,-2.6180786883864737,clase_2
10.212039820587378,3.443274293737981,-4.201326659162058,5.559556682928684,-3.090882362251289,clase_2
-3.300971295211705,-3.9310843859380102,-0.7164846639225381,-6.712373084268782,8.106750909957452,clase_2
-3.965007703277837,-1.8353761550846286,-1.3076097022410096,-6.484784747690524,7.985529673030443,clase_2
7.950383472968223,4.772949399280437,-5.82532107801037,6.76782546737337,-3.6774022082531617,clase_2
8.925022426485537,2.928916697858237,-4.794972186665485,6.327009838278741,-3.8522362070125866,clase_1
8.81418049527853,3.643436608715721,-4.589332946481386,5.2874115590217965,-1.9514196249262663,clase_2
-4.25319190850429,-2.860736258483321,1.079313370689749,-6.856465284607344,7.652211217232256,clase_2
-4.823851327191484,-2.6808772600130135,-2.114020766324042,-9.993395406774534,7.164494292735176,clase_2
-4.824767183177753,-4.706545240922167,-0.930262577128415,-8.609443733343113,7.690458575495696,clase_2
